"id";"CUser_ID";"name";"first_name";"last_name";"email";"phone";"ref";"utm_source";"utm_medium";"utm_campaign";"utm_content";"utm_term";"ya_client_id";"conversations_count";"first_contact_at";"last_contact_at";"Подписка Клуб";"User tags"
"439886185";"bwds.x";"Кирилл А";"Кирилл";"А";"riks2002@inbox.ru";"+79112853513";"";"";"";"";"";"";"";0;1760901325;1763103404;"";"лендинг_клуба;подписка_отменена_месяц"
"6377314107";"bwds.13";"~Aliev🏴";"~Aliev🏴";"";"";"";"";"";"";"";"";"";"";0;1763317941;1763317941;"";""
"988083469";"bwds.n";"Елена";"Елена";"";"sergeevaelena1@gmail.com";"+79057379040";"";"";"";"";"";"";"";0;1759475785;1761907280;"";"лендинг_клуба;подписка_отменена_месяц"
"5436884877";"bwds.u";"noo Neon";"noo";"Neon";"";"";"";"";"";"";"";"";"";0;1760268540;1760268540;"";""
"267506272";"bwds.7";"Anastasiа Taykova";"Anastasiа";"Taykova";"";"";"";"";"";"";"";"";"";0;1759057492;1759057492;"";"лендинг_клуба"
"183719825";"bwds.11";"Elena Shestopalova";"Elena";"Shestopalova";"shestopalova_hr@mail.ru";"+79112171085";"";"";"";"";"";"";"";0;1761976168;1761976168;"";"лендинг_клуба"
"489704005";"bwds.d";"Tatiana Borisova";"Tatiana";"Borisova";"t.borisova@mail.ru";"+9161289917";"";"";"";"";"";"";"";0;1759241997;1759247673;"";"лендинг_клуба;подписка_отменена_месяц"
"333124134";"bwds.10";"Alina Dovbysheva";"Alina";"Dovbysheva";"dovbysheva@gmail.com";"+79057862343";"";"";"";"";"";"";"";0;1761719117;1761719117;"";"лендинг_клуба"
"180750420";"bwds.g";"Natasha";"Natasha";"";"ntlzyr@gmail.com";"+79167690336";"";"";"";"";"";"";"";0;1759322964;1759322964;"";"лендинг_клуба"
"146511088";"bwds.8";"Аnna Sharoyan";"Аnna";"Sharoyan";"anna.sharoyan@gmail.com";"+79268137547";"";"";"";"";"";"";"";0;1759063837;1759065770;26;"подписка_оформлена_месяц;лендинг_клуба"
"1839510368";"bwds.k";"Анна Антонова 🦒";"Анна";"Антонова 🦒";"anna19830107@mail.ru";"+79212524791";"";"";"";"";"";"";"";0;1759413452;1759414002;2;"подписка_оформлена_месяц;лендинг_клуба"
"448326051";"bwds.q";"Victoria T";"Victoria";"T";"vtbuy@yandex.ru";"+79036652066";"";"";"";"";"";"";"";0;1759706203;1767558822;66;"лендинг_клуба;подписка_оформлена_3_месяца"
"476293992";"bwds.m";"Ekaterina";"Ekaterina";"";"ek.rumiantseva@gmail.com";"+79167471600";"";"";"";"";"";"";"";0;1759451779;1759451846;2;"подписка_оформлена_месяц;лендинг_клуба"
"222520078";"bwds.19";"Nadezhda Petryakova";"Nadezhda";"Petryakova";"nadezhda06905@gmail.com";"+79688653682";"";"";"";"";"";"";"";1;1769508089;1769509657;26;"подписка_оформлена_месяц;лендинг_клуба"
"413995420";"bwds.12";"Anastasia Andreeva";"Anastasia";"Andreeva";"a.anastasiya2010@mail.ru";"+89857633550";"";"";"";"";"";"";"";0;1762246395;1762246628;2;"подписка_оформлена_месяц;лендинг_клуба"
"123507537";"bwds.a";"Егор Filiрроv";"Егор";"Filiрроv";"epislon@yandex.ru";"+79036110910";"";"";"";"";"";"";"";0;1759131564;1769250857;357;"лендинг_клуба;подписка_отменена_месяц;подписка_оформлена_12_месяцев"
"350720833";"bwds.v";"Elena Kramarenko";"Elena";"Kramarenko";"e.s.k@list.ru";"+79262272894";"";"";"";"";"";"";"";0;1760892030;1762789511;"";"лендинг_клуба;подписка_отменена_месяц"
"1418719165";"bwds.s";"Lyubov";"Lyubov";"";"lusan2005@mail.ru";"+79266674692";"";"";"";"";"";"";"";0;1759835280;1759835280;"";"лендинг_клуба"
"546964519";"bwds.2";"Дарья Рябцева";"Дарья Рябцева";"";"vasilinapuha@gmail.com";"+79234990153";"";"";"";"";"";"";"";1;1758727994;1766736512;0;"лендинг_клуба;подписка_отменена_месяц;лендинг_клуба_скидка"
"372358096";"bwds.z";"Анастасия Бойцова";"Анастасия";"Бойцова";"anastasiya.boitzova@yandex.ru";"+79315329566";"";"";"";"";"";"";"";0;1761645647;1761645647;"";"лендинг_клуба"
"362021645";"bwds.h";"Svetlana Bolshakova";"Svetlana";"Bolshakova";"bolshakova.s@mail.ru";"+79252474202";"";"";"";"";"";"";"";0;1759334555;1764354976;0;"лендинг_клуба;подписка_отменена_месяц"
"92101059";"bwds.9";"Evgeniya Kolyvagina";"Evgeniya";"Kolyvagina";"ekolivagina@gmail.com";"+79169007876";"";"";"";"";"";"";"";0;1759076846;1759077015;2;"лендинг_клуба;подписка_отменена_месяц"
"163582348";"bwds.p";"Yulia Derevyanko";"Yulia";"Derevyanko";"yulia.derevianko@gmail.com";"+79164076819";"";"";"";"";"";"";"";0;1759697072;1759697260;3;"подписка_оформлена_месяц;лендинг_клуба"
"476186513";"bwds.o";"Polina";"Polina";"";"artpolina@mail.ru";"+79133622293";"";"";"";"";"";"";"";0;1759674307;1767300145;0;"лендинг_клуба;подписка_отменена_месяц"
"393400597";"bwds.16";"Лиля Карпова";"Лиля";"Карпова";"revvina@yandex.ru";"+79277595555";"";"";"";"";"";"";"";0;1767939879;1767939887;8;"лендинг_победители_розыгрыша_241225;победители_розыгрыша_241225"
"1785991895";"bwds.6";"Екатерина";"Екатерина";"";"";"+79650094343";"";"";"";"";"";"";"";0;1759057251;1759057530;10;"подписка_оформлена_месяц;лендинг_клуба"
"258510727";"bwds.r";"Margarita";"Margarita";"";"prumpu@yandex.ru";"+79629339083";"";"";"";"";"";"";"";0;1759781292;1764824965;0;"лендинг_клуба;подписка_отменена_месяц"
"7736322647";"bwds.5";"Дарья";"Дарья";"";"";"";"";"";"";"";"";"";"";0;1758886367;1766804867;"";"лендинг_клуба;подписка_отменена_месяц"
"1004928548";"bwds.4";"Алина Вороная";"Алина";"Вороная";"";"";"";"";"";"";"";"";"";0;1758886351;1759058735;25;"подписка_оформлена_месяц;лендинг_клуба"
"247349318";"bwds.w";"Tatiana Medvedeva";"Tatiana";"Medvedeva";"tatianamedved@gmail.com";"+79039612414";"";"";"";"";"";"";"";0;1760892570;1760892675;17;"подписка_оформлена_месяц;лендинг_клуба"
"636974460";"bwds.17";"Anna Milovanovich (Rybakova)";"Anna";"Milovanovich (Rybakova)";"boltai@inbox.ru";"+79670891592";"";"";"";"";"";"";"";0;1768163496;1768163733;11;"подписка_оформлена_месяц;лендинг_клуба"
"394176321";"bwds.e";"Yana Savina";"Yana";"Savina";"yana_savina@mail.ru";"+79036108644";"";"";"";"";"";"";"";0;1759297739;1761917201;29;"подписка_оформлена_месяц;лендинг_клуба"
"289307355";"bwds.f";"N B";"N";"B";"natalia.burtseva06@gmail.com";"+79166746965";"";"";"";"";"";"";"";0;1759298477;1769347771;0;"лендинг_клуба;подписка_отменена_месяц"
"1798096650";"bwds.14";"Алла";"Алла";"";"allazh77@yandex.ru";"+9127162750";"";"";"";"";"";"";"";0;1766335428;1766335438;"";"лендинг_клуба_подарок"
"463709572";"bwds.15";"Ira";"Ira";"";"kair98@gmail.com";"+9052595225";"";"";"";"";"";"";"";0;1767877606;1767877606;"";"лендинг_клуба"
"1214094506";"bwds.l";"Anastasia Zenkova";"Anastasia";"Zenkova";"famille1703@yandex.ru";"+79032002632";"";"";"";"";"";"";"";0;1759418703;1762678668;"";"лендинг_клуба;лендинг_клуба_скидка"
"1463184016";"bwds.18";"Anna";"Anna";"";"levenec.ann@gmail.com";"+79017006191";"";"";"";"";"";"";"";0;1768837070;1768999864;21;"подписка_оформлена_месяц;лендинг_клуба"
"381190867";"bwds.j";"Elena E";"Elena";"E";"eremeeva.e@gmail.com";"+9163201097";"";"";"";"";"";"";"";0;1759387031;1769514164;0;"лендинг_клуба;подписка_отменена_месяц"
"1088826317";"bwds.i";"Kira Xlopok";"Kira";"Xlopok";"dejanowa@mail.ru";"+79031544848";"";"";"";"";"";"";"";0;1759335563;1766001961;16;"подписка_оформлена_месяц;лендинг_клуба"
"278834176";"bwds.y";"Tatiana Mashkina";"Tatiana";"Mashkina";"miracle.tm@gmail.com";"+79265405228";"";"";"";"";"";"";"";0;1761425489;1761425644;23;"подписка_оформлена_месяц;лендинг_клуба"
"1727435582";"bwds.c";"Lidia Stolyarova";"Lidia";"Stolyarova";"lida_stolyarova@mail.ru";"+79679679581";"";"";"";"";"";"";"";1;1759212179;1764329126;28;"подписка_оформлена_месяц;лендинг_клуба"
"408891513";"bwds.t";"Майя";"Майя";"";"lawmay523@yandex.ru";"+79267000358";"";"";"";"";"";"";"";0;1760110910;1760111188;8;"подписка_оформлена_месяц;лендинг_клуба"
"1024933349";"bwds.b";"Анна";"Анна";"";"annavshatrova@mail.ru";"+79265315757";"";"";"";"";"";"";"";0;1759171013;1759171351;27;"подписка_оформлена_месяц;лендинг_клуба"